ID,Medio_Venta,Plataforma,Fecha_Venta,Genero,Cantidad_Ventas,Precio_Unitario_COP,Ingreso_Total_COP
1,Streaming,Spotify,2025-05-21,Electronica,1088,14.0,15232.0
2,Streaming,Spotify,2025-10-30,Country,1122,12.0,13464.0
3,Streaming,Apple_Music,2025-04-30,Metal,1063,18.0,19134.0
4,Descarga_Digital,Bandcamp_Digital,2025-11-29,Metal,63,3661.0,230643.0
5,Fisico,Amazon_CD,2025-03-23,Country,92,61009.0,5612828.0
6,Descarga_Digital,Amazon_MP3,2025-02-22,Rock,58,3474.0,201492.0
7,Fisico,Vinilos_Indie,2025-05-16,Pop,191,69153.0,13208223.0
8,Streaming,Deezer,2025-02-10,Metal,1109,15.0,16635.0
9,Fisico,Vinilos_Indie,2025-04-09,Rock,16,78194.0,1251104.0
10,Fisico,Amazon_CD,2025-04-30,Rock,102,61009.0,6222918.0
11,Fisico,Amazon_CD,2025-07-09,Clasica,58,78605.0,4559090.0
12,Streaming,Apple_Music,2025-10-01,Electronica,1135,13.0,14755.0
13,Merchandising,Bandcamp_Camisetas,2025-11-24,Metal,15,107186.0,1607790.0
14,Streaming,Apple_Music,2025-01-17,Clasica,1067,16.0,17072.0
15,Streaming,Apple_Music,2025-10-18,Clasica,1082,13.0,14066.0
16,Merchandising,Bandcamp_Camisetas,2025-11-26,Reggaeton,10,75841.0,758410.0
17,Descarga_Digital,Bandcamp_Digital,2025-10-15,Metal,43,4446.0,191178.0
18,Merchandising,Merch_Oficial,2025-07-24,Clasica,15,130573.0,1958595.0
19,Descarga_Digital,Bandcamp_Digital,2025-09-10,Rock,16,4595.0,73520.0
20,Descarga_Digital,Bandcamp_Digital,2025-03-23,Country,86,3437.0,295582.0
21,Merchandising,Merch_Oficial,2025-08-28,Metal,17,128593.0,2186081.0
22,Streaming,Spotify,2025-12-16,Metal,1094,20.0,21880.0
23,Fisico,Amazon_CD,2025-05-31,Country,45,68892.0,3100140.0
24,Fisico,Vinilos_Indie,2025-04-02,Metal,32,87572.0,2802304.0
25,Fisico,Vinilos_Indie,2025-09-17,R&B,55,55405.0,3047275.0
26,Descarga_Digital,Bandcamp_Digital,2025-09-29,Pop,86,3811.0,327746.0
27,Streaming,Spotify,2025-07-05,Jazz,1110,14.0,15540.0
28,Descarga_Digital,Bandcamp_Digital,2025-02-10,Rock,72,4558.0,328176.0
29,Descarga_Digital,iTunes,2025-12-04,Reggaeton,80,3587.0,286960.0
30,Merchandising,Bandcamp_Vinilo,2025-10-04,Electronica,46,79315.0,3648490.0
31,Fisico,Discos_Locales,2025-09-22,Reggaeton,35,59664.0,2088240.0
32,Streaming,YouTube_Music,2025-01-11,R&B,1080,18.0,19440.0
33,Descarga_Digital,iTunes,2025-02-06,Pop,39,3437.0,134043.0
34,Streaming,YouTube_Music,2025-02-06,Metal,1096,14.0,15344.0
35,Merchandising,Bandcamp_Vinilo,2025-10-04,Hip-Hop,47,125941.0,5919227.0
36,Merchandising,Bandcamp_Vinilo,2025-08-31,Country,13,63101.0,820313.0
37,Merchandising,Bandcamp_Camisetas,2025-08-05,Country,30,120598.0,3617940.0
38,Streaming,Spotify,2025-02-01,Country,1070,19.0,20330.0
39,Streaming,Apple_Music,2025-04-09,Electronica,1108,17.0,18836.0
40,Descarga_Digital,Amazon_MP3,2025-04-04,Jazz,69,3699.0,255231.0
41,Streaming,Deezer,2025-10-09,Rock,1110,12.0,13320.0
42,Streaming,Spotify,2025-05-02,Hip-Hop,1082,16.0,17312.0
43,Merchandising,Bandcamp_Vinilo,2025-07-25,Pop,11,84359.0,927949.0
44,Merchandising,Bandcamp_Camisetas,2025-08-21,Jazz,28,108082.0,3026296.0
45,Merchandising,Bandcamp_Vinilo,2025-04-08,Jazz,14,128406.0,1797684.0
46,Streaming,YouTube_Music,2025-01-30,Pop,1117,18.0,20106.0
47,Descarga_Digital,iTunes,2025-09-18,Rock,33,3437.0,113421.0
48,Streaming,Apple_Music,2025-07-26,Rock,1057,22.0,23254.0
49,Descarga_Digital,Bandcamp_Digital,2025-11-01,Pop,89,3437.0,305893.0
50,Fisico,Discos_Locales,2025-04-15,Clasica,66,60448.0,3989568.0
51,Descarga_Digital,Bandcamp_Digital,2025-11-27,Jazz,68,3811.0,259148.0
52,Streaming,Spotify,2025-08-23,R&B,1077,22.0,23694.0
53,Streaming,Spotify,2025-10-03,Electronica,1082,17.0,18394.0
54,Descarga_Digital,Amazon_MP3,2025-02-05,Electronica,57,3736.0,212952.0
55,Merchandising,Merch_Oficial,2025-12-27,Jazz,40,129564.0,5182560.0
56,Streaming,YouTube_Music,2025-12-06,Rock,1104,22.0,24288.0
57,Descarga_Digital,Amazon_MP3,2025-03-01,Rock,80,3549.0,283920.0
58,Fisico,Vinilos_Indie,2025-04-18,Clasica,57,79390.0,4525230.0
59,Fisico,Vinilos_Indie,2025-09-08,Jazz,18,52678.0,948204.0
60,Merchandising,Bandcamp_Camisetas,2025-01-23,Pop,22,113649.0,2500278.0
61,Fisico,Amazon_CD,2025-08-15,Metal,185,67734.0,12530790.0
62,Streaming,Spotify,2025-02-08,Hip-Hop,1109,17.0,18853.0
63,Fisico,Vinilos_Indie,2025-10-10,Hip-Hop,115,54247.0,6238405.0
64,Fisico,Discos_Locales,2025-01-21,Clasica,58,79128.0,4589424.0
65,Streaming,YouTube_Music,2025-10-14,Country,1048,22.0,23056.0
66,Descarga_Digital,iTunes,2025-03-25,Hip-Hop,62,3362.0,208444.0
67,Fisico,Discos_Locales,2025-12-09,Electronica,73,55666.0,4063618.0
68,Streaming,Deezer,2025-01-20,Reggaeton,1024,14.0,14336.0
69,Merchandising,Bandcamp_Camisetas,2025-06-06,Electronica,15,57796.0,866940.0
70,Descarga_Digital,Amazon_MP3,2025-06-18,Jazz,18,4782.0,86076.0
71,Fisico,Discos_Locales,2025-11-25,Metal,107,79016.0,8454712.0
72,Fisico,Amazon_CD,2025-03-01,Jazz,50,74571.0,3728550.0
73,Fisico,Amazon_CD,2025-02-25,R&B,116,64035.0,7428060.0
74,Fisico,Discos_Locales,2025-11-07,Metal,34,65828.0,2238152.0
75,Descarga_Digital,Amazon_MP3,2025-01-23,Country,10,4110.0,41100.0
76,Descarga_Digital,Amazon_MP3,2025-08-09,Rock,95,4707.0,447165.0
77,Fisico,Vinilos_Indie,2025-03-05,Jazz,134,62391.0,8360394.0
78,Merchandising,Bandcamp_Camisetas,2025-07-26,Jazz,36,65567.0,2360412.0
79,Merchandising,Merch_Oficial,2025-07-14,Hip-Hop,40,98556.0,3942240.0
80,Merchandising,Merch_Oficial,2025-01-01,Jazz,19,71731.0,1362889.0
81,Fisico,Discos_Locales,2025-08-15,Reggaeton,177,58132.0,10289364.0
82,Merchandising,Merch_Oficial,2025-03-28,Rock,19,94558.0,1796602.0
83,Fisico,Amazon_CD,2025-05-01,Jazz,62,84732.0,5253384.0
84,Descarga_Digital,iTunes,2025-01-24,Electronica,70,4222.0,295540.0
85,Streaming,Deezer,2025-08-01,R&B,1090,13.0,14170.0
86,Merchandising,Bandcamp_Camisetas,2025-07-24,Electronica,10,105056.0,1050560.0
87,Streaming,Spotify,2025-08-06,Electronica,1134,13.0,14742.0
88,Merchandising,Bandcamp_Vinilo,2025-10-13,Electronica,8,90150.0,721200.0
89,Merchandising,Merch_Oficial,2025-09-29,Metal,39,79764.0,3110796.0
90,Merchandising,Merch_Oficial,2025-09-16,Country,36,89365.0,3217140.0
91,Descarga_Digital,Bandcamp_Digital,2025-09-01,Reggaeton,43,4446.0,191178.0
92,Fisico,Vinilos_Indie,2025-09-06,Electronica,75,68257.0,5119275.0
93,Fisico,Amazon_CD,2025-05-20,Clasica,86,88618.0,7621148.0
94,Streaming,Apple_Music,2025-03-19,Electronica,1079,15.0,16185.0
95,Descarga_Digital,Bandcamp_Digital,2025-04-20,Rock,63,3923.0,247149.0
96,Merchandising,Bandcamp_Camisetas,2025-02-01,Electronica,27,85143.0,2298861.0
97,Streaming,Deezer,2025-09-02,Pop,1061,22.0,23342.0
98,Fisico,Discos_Locales,2025-08-03,Metal,196,81482.0,15970472.0
99,Descarga_Digital,Amazon_MP3,2025-04-23,Jazz,65,4035.0,262275.0
100,Merchandising,Bandcamp_Camisetas,2025-12-09,Country,47,68369.0,3213343.0
101,Merchandising,Bandcamp_Vinilo,2025-11-15,Metal,2,123811.0,247622.0
102,Streaming,Spotify,2025-11-26,Country,1127,13.0,14651.0
103,Merchandising,Bandcamp_Vinilo,2025-01-26,Jazz,25,80511.0,2012775.0
104,Merchandising,Bandcamp_Camisetas,2025-06-22,Country,18,112229.0,2020122.0
105,Merchandising,Bandcamp_Camisetas,2025-02-11,Reggaeton,2,112005.0,224010.0
106,Streaming,YouTube_Music,2025-04-25,Rock,1119,20.0,22380.0
107,Streaming,Spotify,2025-05-07,Electronica,1127,21.0,23667.0
108,Descarga_Digital,iTunes,2025-03-06,Reggaeton,95,3512.0,333640.0
109,Descarga_Digital,Amazon_MP3,2025-12-25,Jazz,57,3587.0,204459.0
110,Streaming,Apple_Music,2025-06-09,Rock,1087,18.0,19566.0
111,Fisico,Vinilos_Indie,2025-12-13,Country,106,90785.0,9623210.0
112,Descarga_Digital,iTunes,2025-10-31,Electronica,23,4371.0,100533.0
113,Fisico,Vinilos_Indie,2025-11-04,Rock,149,83649.0,12463701.0
114,Fisico,Vinilos_Indie,2025-08-08,Clasica,22,71246.0,1567412.0
115,Fisico,Amazon_CD,2025-08-04,Reggaeton,32,67995.0,2175840.0
116,Fisico,Vinilos_Indie,2025-08-24,Hip-Hop,116,56451.0,6548316.0
117,Fisico,Vinilos_Indie,2025-10-03,Reggaeton,124,68070.0,8440680.0
118,Fisico,Discos_Locales,2025-05-06,Rock,76,88095.0,6695220.0
119,Descarga_Digital,Amazon_MP3,2025-10-19,R&B,95,3885.0,369075.0
120,Streaming,Deezer,2025-06-16,Hip-Hop,1140,17.0,19380.0
121,Fisico,Discos_Locales,2025-06-24,Jazz,157,79988.0,12558116.0
122,Fisico,Vinilos_Indie,2025-01-06,Metal,53,52379.0,2776087.0
123,Merchandising,Bandcamp_Camisetas,2025-10-12,Electronica,45,91607.0,4122315.0
124,Merchandising,Bandcamp_Camisetas,2025-01-09,Rock,19,72590.0,1379210.0
125,Descarga_Digital,Amazon_MP3,2025-12-06,R&B,57,4035.0,229995.0
126,Fisico,Discos_Locales,2025-10-09,Clasica,95,80062.0,7605890.0
127,Fisico,Discos_Locales,2025-05-09,Electronica,35,80884.0,2830940.0
128,Fisico,Amazon_CD,2025-10-02,Hip-Hop,54,58244.0,3145176.0
129,Merchandising,Bandcamp_Camisetas,2025-10-29,Metal,39,77186.0,3010254.0
130,Streaming,Apple_Music,2025-06-01,Electronica,1084,15.0,16260.0
131,Fisico,Amazon_CD,2025-12-29,Metal,37,60822.0,2250414.0
132,Streaming,YouTube_Music,2025-12-24,Hip-Hop,1082,18.0,19476.0
133,Merchandising,Bandcamp_Vinilo,2025-01-07,R&B,19,91121.0,1731299.0
134,Merchandising,Bandcamp_Camisetas,2025-04-05,Pop,17,126352.0,2147984.0
135,Merchandising,Bandcamp_Vinilo,2025-02-03,Country,32,61569.0,1970208.0
136,Streaming,Apple_Music,2025-03-18,R&B,1122,22.0,24684.0
137,Streaming,Apple_Music,2025-03-02,Metal,1145,20.0,22900.0
138,Descarga_Digital,Bandcamp_Digital,2025-07-14,Reggaeton,66,3773.0,249018.0
139,Merchandising,Bandcamp_Camisetas,2025-10-19,R&B,4,101582.0,406328.0
140,Streaming,Apple_Music,2025-11-17,Electronica,1057,14.0,14798.0
141,Streaming,Apple_Music,2025-05-03,Hip-Hop,1125,18.0,20250.0
142,Descarga_Digital,iTunes,2025-07-29,Reggaeton,98,4222.0,413756.0
143,Fisico,Amazon_CD,2025-04-29,Jazz,185,61233.0,11328105.0
144,Merchandising,Bandcamp_Vinilo,2025-12-18,Electronica,17,114919.0,1953623.0
145,Descarga_Digital,Amazon_MP3,2025-02-28,Metal,38,4296.0,163248.0
146,Fisico,Amazon_CD,2025-02-06,Pop,47,84097.0,3952559.0
147,Fisico,Discos_Locales,2025-03-05,Reggaeton,181,62167.0,11252227.0
148,Merchandising,Bandcamp_Camisetas,2025-09-14,Metal,32,88767.0,2840544.0
149,Streaming,Deezer,2025-06-15,R&B,1126,14.0,15764.0
150,Streaming,Apple_Music,2025-12-12,R&B,1102,18.0,19836.0
151,Streaming,YouTube_Music,2025-10-23,Pop,1083,20.0,21660.0
152,Descarga_Digital,Amazon_MP3,2025-09-23,Reggaeton,45,3587.0,161415.0
153,Merchandising,Merch_Oficial,2025-09-09,Rock,31,82043.0,2543333.0
154,Fisico,Discos_Locales,2025-12-10,Rock,46,63325.0,2912950.0
155,Merchandising,Bandcamp_Camisetas,2025-12-06,Country,49,97136.0,4759664.0
156,Merchandising,Bandcamp_Vinilo,2025-06-11,Jazz,21,64708.0,1358868.0
157,Merchandising,Merch_Oficial,2025-01-01,Metal,30,86899.0,2606970.0
158,Descarga_Digital,Bandcamp_Digital,2025-07-05,R&B,73,4259.0,310907.0
159,Streaming,Apple_Music,2025-05-17,Metal,1150,13.0,14950.0
160,Fisico,Discos_Locales,2025-12-24,Reggaeton,36,49838.0,1794168.0
161,Descarga_Digital,Bandcamp_Digital,2025-03-23,Jazz,80,3362.0,268960.0
162,Merchandising,Bandcamp_Vinilo,2025-04-26,Rock,30,126800.0,3804000.0
163,Descarga_Digital,Amazon_MP3,2025-05-30,Metal,100,3736.0,373600.0
164,Merchandising,Bandcamp_Camisetas,2025-05-05,Reggaeton,36,66837.0,2406132.0
165,Descarga_Digital,Bandcamp_Digital,2025-09-18,Hip-Hop,18,3736.0,67248.0
166,Merchandising,Bandcamp_Camisetas,2025-09-17,Jazz,1,77186.0,77186.0
167,Fisico,Vinilos_Indie,2025-10-24,Reggaeton,43,68556.0,2947908.0
168,Merchandising,Bandcamp_Camisetas,2025-06-20,Metal,49,96650.0,4735850.0
169,Merchandising,Bandcamp_Camisetas,2025-04-07,Electronica,37,84658.0,3132346.0
170,Merchandising,Bandcamp_Vinilo,2025-06-12,Reggaeton,46,124297.0,5717662.0
171,Merchandising,Bandcamp_Camisetas,2025-12-06,Hip-Hop,32,128145.0,4100640.0
172,Descarga_Digital,Bandcamp_Digital,2025-10-30,Clasica,22,4633.0,101926.0
173,Merchandising,Bandcamp_Vinilo,2025-09-27,Reggaeton,1,110025.0,110025.0
174,Merchandising,Merch_Oficial,2025-03-21,Rock,31,114434.0,3547454.0
175,Fisico,Discos_Locales,2025-11-16,Country,171,52117.0,8912007.0
176,Fisico,Vinilos_Indie,2025-10-01,Country,86,76663.0,6593018.0
177,Merchandising,Merch_Oficial,2025-01-19,R&B,5,73599.0,367995.0
178,Fisico,Amazon_CD,2025-02-16,Country,30,82640.0,2479200.0
179,Streaming,Deezer,2025-03-27,Jazz,1092,21.0,22932.0
180,Streaming,YouTube_Music,2025-01-29,Jazz,1073,15.0,16095.0
181,Merchandising,Bandcamp_Vinilo,2025-05-06,Metal,27,98332.0,2654964.0
182,Descarga_Digital,iTunes,2025-03-31,Rock,88,4633.0,407704.0
183,Descarga_Digital,Amazon_MP3,2025-10-26,Hip-Hop,39,3998.0,155922.0
184,Fisico,Discos_Locales,2025-05-11,Pop,124,88954.0,11030296.0
185,Descarga_Digital,iTunes,2025-08-15,Clasica,85,3773.0,320705.0
186,Merchandising,Merch_Oficial,2025-05-09,Reggaeton,20,70909.0,1418180.0
187,Merchandising,Bandcamp_Camisetas,2025-02-24,Electronica,25,98780.0,2469500.0
188,Fisico,Vinilos_Indie,2025-06-01,Pop,173,66277.0,11465921.0
189,Streaming,Spotify,2025-11-07,Reggaeton,1080,21.0,22680.0
190,Fisico,Amazon_CD,2025-11-07,Clasica,61,77111.0,4703771.0
191,Fisico,Vinilos_Indie,2025-12-04,Hip-Hop,165,52902.0,8728830.0
192,Streaming,YouTube_Music,2025-08-14,Pop,1159,18.0,20862.0
193,Descarga_Digital,iTunes,2025-06-01,Clasica,63,3587.0,225981.0
194,Descarga_Digital,Bandcamp_Digital,2025-07-07,Metal,74,4707.0,348318.0
195,Descarga_Digital,Amazon_MP3,2025-09-04,Jazz,53,4521.0,239613.0
196,Merchandising,Bandcamp_Vinilo,2025-03-14,Electronica,44,110137.0,4846028.0
197,Merchandising,Merch_Oficial,2025-07-07,Rock,26,57086.0,1484236.0
198,Streaming,Deezer,2025-07-08,Jazz,1112,18.0,20016.0
199,Fisico,Amazon_CD,2025-12-12,Electronica,125,49651.0,6206375.0
200,Fisico,Vinilos_Indie,2025-04-24,Rock,167,85480.0,14275160.0
201,Fisico,Vinilos_Indie,2025-07-29,Rock,40,50548.0,2021920.0
202,Streaming,YouTube_Music,2025-09-10,Rock,1131,12.0,13572.0
203,Descarga_Digital,Amazon_MP3,2025-08-21,Clasica,95,4745.0,450775.0
204,Merchandising,Merch_Oficial,2025-03-21,Country,42,63437.0,2664354.0
205,Merchandising,Merch_Oficial,2025-07-28,Jazz,3,107634.0,322902.0
206,Descarga_Digital,Amazon_MP3,2025-08-16,Electronica,56,3474.0,194544.0
207,Fisico,Vinilos_Indie,2025-11-27,Clasica,20,66389.0,1327780.0
208,Descarga_Digital,iTunes,2025-08-21,Rock,94,3624.0,340656.0
209,Streaming,Spotify,2025-06-20,Electronica,1146,22.0,25212.0
210,Descarga_Digital,iTunes,2025-10-11,Electronica,85,3661.0,311185.0
211,Descarga_Digital,Amazon_MP3,2025-03-17,R&B,10,3736.0,37360.0
212,Descarga_Digital,iTunes,2025-10-04,Jazz,32,3474.0,111168.0
213,Streaming,Apple_Music,2025-01-08,Clasica,1131,20.0,22620.0
214,Descarga_Digital,Bandcamp_Digital,2025-06-15,Pop,32,3736.0,119552.0
215,Descarga_Digital,Bandcamp_Digital,2025-08-04,Metal,24,4446.0,106704.0
216,Merchandising,Bandcamp_Camisetas,2025-07-05,Metal,38,64184.0,2438992.0
217,Descarga_Digital,Bandcamp_Digital,2025-01-23,Metal,48,3998.0,191904.0
218,Streaming,Spotify,2025-09-03,Country,1083,16.0,17328.0
219,Streaming,Deezer,2025-12-31,Reggaeton,1073,12.0,12876.0
220,Streaming,YouTube_Music,2025-11-08,Hip-Hop,1132,12.0,13584.0
221,Fisico,Vinilos_Indie,2025-11-21,R&B,145,80473.0,11668585.0
222,Merchandising,Merch_Oficial,2025-09-29,Jazz,30,93811.0,2814330.0
223,Merchandising,Bandcamp_Vinilo,2025-12-26,Rock,42,104683.0,4396686.0
224,Descarga_Digital,Amazon_MP3,2025-08-20,Electronica,62,3848.0,238576.0
225,Merchandising,Bandcamp_Camisetas,2025-08-01,Rock,21,87945.0,1846845.0
226,Fisico,Discos_Locales,2025-03-20,Reggaeton,22,52640.0,1158080.0
227,Streaming,Spotify,2025-08-10,Rock,1092,19.0,20748.0
228,Fisico,Amazon_CD,2025-10-12,Pop,155,91457.0,14175835.0
229,Fisico,Vinilos_Indie,2025-03-04,Country,95,87721.0,8333495.0
230,Merchandising,Merch_Oficial,2025-01-27,Jazz,39,79390.0,3096210.0
231,Streaming,Apple_Music,2025-03-21,Reggaeton,1057,14.0,14798.0
232,Streaming,YouTube_Music,2025-10-12,Clasica,1166,12.0,13992.0
233,Fisico,Vinilos_Indie,2025-04-26,Country,148,92242.0,13651816.0
234,Streaming,YouTube_Music,2025-01-15,Hip-Hop,1102,14.0,15428.0
235,Fisico,Discos_Locales,2025-06-29,Pop,51,87572.0,4466172.0
236,Merchandising,Bandcamp_Vinilo,2025-03-14,Pop,6,111781.0,670686.0
237,Descarga_Digital,Amazon_MP3,2025-08-03,Reggaeton,53,3549.0,188097.0
238,Fisico,Vinilos_Indie,2025-06-16,R&B,157,52341.0,8217537.0
239,Streaming,Apple_Music,2025-03-22,R&B,1087,12.0,13044.0
240,Streaming,YouTube_Music,2025-08-15,Country,1185,17.0,20145.0
241,Merchandising,Bandcamp_Camisetas,2025-05-20,Electronica,49,94334.0,4622366.0
242,Fisico,Discos_Locales,2025-02-26,Jazz,178,78979.0,14058262.0
243,Merchandising,Merch_Oficial,2025-12-08,Jazz,3,72516.0,217548.0
244,Streaming,Spotify,2025-04-15,Jazz,1100,22.0,24200.0
245,Descarga_Digital,Amazon_MP3,2025-05-29,Clasica,25,3325.0,83125.0
246,Merchandising,Bandcamp_Vinilo,2025-03-08,Country,35,108606.0,3801210.0
247,Fisico,Amazon_CD,2025-07-23,Pop,116,49390.0,5729240.0
248,Streaming,YouTube_Music,2025-10-22,Country,1080,18.0,19440.0
249,Merchandising,Bandcamp_Camisetas,2025-02-28,Country,2,128220.0,256440.0
250,Descarga_Digital,Bandcamp_Digital,2025-08-24,Clasica,21,3960.0,83160.0
251,Streaming,Apple_Music,2025-08-12,R&B,1110,16.0,17760.0
252,Streaming,Deezer,2025-06-08,Clasica,1030,14.0,14420.0
253,Descarga_Digital,iTunes,2025-09-19,Rock,77,4072.0,313544.0
254,Fisico,Discos_Locales,2025-11-27,Hip-Hop,65,53126.0,3453190.0
255,Fisico,Amazon_CD,2025-03-30,R&B,44,82640.0,3636160.0
256,Streaming,Apple_Music,2025-11-18,Reggaeton,1150,16.0,18400.0
257,Merchandising,Merch_Oficial,2025-10-17,R&B,21,120598.0,2532558.0
258,Fisico,Amazon_CD,2025-08-14,Rock,125,68369.0,8546125.0
259,Fisico,Discos_Locales,2025-10-30,Pop,95,71283.0,6771885.0
260,Fisico,Discos_Locales,2025-08-20,Pop,19,65081.0,1236539.0
261,Fisico,Amazon_CD,2025-11-27,Rock,162,75168.0,12177216.0
262,Merchandising,Bandcamp_Camisetas,2025-10-25,Metal,48,122989.0,5903472.0
263,Merchandising,Merch_Oficial,2025-11-30,Electronica,21,101246.0,2126166.0
264,Descarga_Digital,iTunes,2025-08-19,Rock,53,4782.0,253446.0
265,Streaming,Apple_Music,2025-01-21,Electronica,1062,19.0,20178.0
266,Merchandising,Merch_Oficial,2025-09-25,R&B,11,83238.0,915618.0
267,Fisico,Discos_Locales,2025-07-29,Clasica,178,75355.0,13413190.0
268,Fisico,Amazon_CD,2025-06-18,Rock,147,78979.0,11609913.0
269,Fisico,Discos_Locales,2025-12-03,R&B,43,63475.0,2729425.0
270,Descarga_Digital,Amazon_MP3,2025-06-08,Country,26,4222.0,109772.0
271,Streaming,YouTube_Music,2025-10-14,Country,1116,18.0,20088.0
272,Fisico,Amazon_CD,2025-12-10,Metal,28,77522.0,2170616.0
273,Merchandising,Merch_Oficial,2025-07-05,Pop,24,79128.0,1899072.0
274,Descarga_Digital,Amazon_MP3,2025-09-06,Electronica,38,4819.0,183122.0
275,Descarga_Digital,iTunes,2025-06-01,Rock,74,4483.0,331742.0
276,Streaming,YouTube_Music,2025-11-13,Hip-Hop,1074,18.0,19332.0
277,Descarga_Digital,iTunes,2025-04-03,R&B,31,4408.0,136648.0
278,Streaming,Deezer,2025-07-06,Electronica,1088,22.0,23936.0
279,Fisico,Vinilos_Indie,2025-08-18,Electronica,141,59253.0,8354673.0
280,Merchandising,Bandcamp_Vinilo,2025-07-08,R&B,29,90523.0,2625167.0
281,Fisico,Discos_Locales,2025-09-15,Metal,112,91868.0,10289216.0
282,Descarga_Digital,Bandcamp_Digital,2025-03-12,Jazz,16,4296.0,68736.0
283,Fisico,Vinilos_Indie,2025-02-22,Metal,36,61308.0,2207088.0
284,Descarga_Digital,Amazon_MP3,2025-08-19,Metal,28,4558.0,127624.0
285,Streaming,Apple_Music,2025-08-19,Clasica,1112,22.0,24464.0
286,Merchandising,Bandcamp_Vinilo,2025-07-22,Metal,24,73674.0,1768176.0
287,Streaming,YouTube_Music,2025-04-25,Pop,1049,15.0,15735.0
288,Streaming,YouTube_Music,2025-03-16,Hip-Hop,1083,12.0,12996.0
289,Merchandising,Merch_Oficial,2025-03-13,Reggaeton,29,102030.0,2958870.0
290,Streaming,Spotify,2025-05-12,Electronica,1116,21.0,23436.0
291,Merchandising,Bandcamp_Vinilo,2025-05-28,Electronica,20,65156.0,1303120.0
292,Descarga_Digital,Amazon_MP3,2025-11-24,R&B,68,3437.0,233716.0
293,Merchandising,Merch_Oficial,2025-10-02,Pop,41,94558.0,3876878.0
294,Descarga_Digital,Bandcamp_Digital,2025-03-15,Jazz,64,3325.0,212800.0
295,Fisico,Amazon_CD,2025-10-20,Country,52,78344.0,4073888.0
296,Streaming,YouTube_Music,2025-02-04,Metal,1101,17.0,18717.0
297,Streaming,Deezer,2025-08-29,Pop,1113,18.0,20034.0
298,Fisico,Discos_Locales,2025-01-09,Clasica,22,63998.0,1407956.0
299,Streaming,YouTube_Music,2025-03-10,Pop,1118,15.0,16770.0
300,Fisico,Vinilos_Indie,2025-03-31,Reggaeton,183,70013.0,12812379.0
301,Descarga_Digital,iTunes,2025-02-02,Reggaeton,14,3773.0,52822.0
302,Streaming,Apple_Music,2025-01-22,Clasica,1162,22.0,25564.0
303,Merchandising,Merch_Oficial,2025-08-31,Jazz,3,112342.0,337026.0
304,Descarga_Digital,Amazon_MP3,2025-07-02,Pop,93,3811.0,354423.0
305,Streaming,YouTube_Music,2025-08-12,Country,1085,19.0,20615.0
306,Merchandising,Bandcamp_Camisetas,2025-04-06,Reggaeton,45,93213.0,4194585.0
307,Fisico,Amazon_CD,2025-08-06,Rock,115,75579.0,8691585.0
308,Descarga_Digital,Bandcamp_Digital,2025-05-31,Clasica,23,3437.0,79051.0
309,Fisico,Discos_Locales,2025-08-17,R&B,188,67659.0,12719892.0
310,Merchandising,Bandcamp_Camisetas,2025-08-17,Pop,47,121046.0,5689162.0
311,Fisico,Vinilos_Indie,2025-08-11,Jazz,168,92503.0,15540504.0
312,Streaming,Spotify,2025-12-10,Country,1156,15.0,17340.0
313,Descarga_Digital,iTunes,2025-03-15,R&B,96,4483.0,430368.0
314,Streaming,Apple_Music,2025-02-04,Electronica,1077,20.0,21540.0
315,Fisico,Discos_Locales,2025-07-16,R&B,13,75691.0,983983.0
316,Merchandising,Bandcamp_Camisetas,2025-07-10,Reggaeton,49,61793.0,3027857.0
317,Descarga_Digital,Bandcamp_Digital,2025-07-07,Country,50,4296.0,214800.0
318,Descarga_Digital,iTunes,2025-01-14,Hip-Hop,73,4110.0,300030.0
319,Streaming,YouTube_Music,2025-05-14,Reggaeton,1132,13.0,14716.0
320,Fisico,Vinilos_Indie,2025-09-09,Electronica,36,54620.0,1966320.0
321,Streaming,Deezer,2025-03-30,Reggaeton,1103,22.0,24266.0
322,Fisico,Vinilos_Indie,2025-06-27,Rock,145,72852.0,10563540.0
323,Fisico,Amazon_CD,2025-12-31,Hip-Hop,97,71358.0,6921726.0
324,Streaming,Apple_Music,2025-03-13,Electronica,1050,20.0,21000.0
325,Streaming,YouTube_Music,2025-10-11,R&B,1148,15.0,17220.0
326,Descarga_Digital,Bandcamp_Digital,2025-02-14,Rock,49,3923.0,192227.0
327,Merchandising,Merch_Oficial,2025-07-30,Country,37,61569.0,2278053.0
328,Fisico,Vinilos_Indie,2025-02-07,Reggaeton,124,79054.0,9802696.0
329,Fisico,Amazon_CD,2025-10-10,R&B,51,82977.0,4231827.0
330,Descarga_Digital,Amazon_MP3,2025-09-15,Pop,25,4110.0,102750.0
331,Fisico,Amazon_CD,2025-03-24,Clasica,186,58655.0,10909830.0
332,Fisico,Amazon_CD,2025-05-09,Electronica,167,91457.0,15273319.0
333,Fisico,Amazon_CD,2025-11-17,Jazz,162,72478.0,11741436.0
334,Descarga_Digital,Bandcamp_Digital,2025-10-25,Hip-Hop,31,4296.0,133176.0
335,Fisico,Vinilos_Indie,2025-01-22,Pop,25,50585.0,1264625.0
336,Fisico,Vinilos_Indie,2025-04-18,R&B,111,76252.0,8463972.0
337,Streaming,Deezer,2025-11-18,Metal,1085,15.0,16275.0
338,Fisico,Discos_Locales,2025-05-06,Country,81,68892.0,5580252.0
339,Streaming,Apple_Music,2025-08-14,Country,1121,17.0,19057.0
340,Descarga_Digital,Amazon_MP3,2025-11-07,Hip-Hop,50,4595.0,229750.0
341,Fisico,Vinilos_Indie,2025-06-26,Country,38,82678.0,3141764.0
342,Streaming,YouTube_Music,2025-05-04,Reggaeton,1145,13.0,14885.0
343,Merchandising,Bandcamp_Vinilo,2025-03-14,Rock,4,77709.0,310836.0
344,Merchandising,Merch_Oficial,2025-08-03,Electronica,11,116825.0,1285075.0
345,Fisico,Amazon_CD,2025-03-23,Reggaeton,136,69490.0,9450640.0
346,Fisico,Discos_Locales,2025-01-12,Rock,105,71208.0,7476840.0
347,Descarga_Digital,iTunes,2025-10-26,Clasica,16,3400.0,54400.0
348,Merchandising,Merch_Oficial,2025-12-01,Reggaeton,19,96127.0,1826413.0
349,Streaming,Deezer,2025-03-10,Jazz,1113,19.0,21147.0
350,Merchandising,Bandcamp_Camisetas,2025-01-24,Country,4,98668.0,394672.0
351,Descarga_Digital,Amazon_MP3,2025-10-11,Jazz,19,3885.0,73815.0
352,Merchandising,Merch_Oficial,2025-05-24,R&B,44,101694.0,4474536.0
353,Descarga_Digital,iTunes,2025-07-21,Clasica,53,4147.0,219791.0
354,Fisico,Amazon_CD,2025-04-12,R&B,135,66538.0,8982630.0
355,Streaming,Spotify,2025-01-20,Hip-Hop,1064,19.0,20216.0
356,Merchandising,Merch_Oficial,2025-08-22,Hip-Hop,39,122765.0,4787835.0
357,Descarga_Digital,Amazon_MP3,2025-11-10,Clasica,30,3923.0,117690.0
358,Fisico,Vinilos_Indie,2025-06-22,Metal,135,72404.0,9774540.0
359,Fisico,Discos_Locales,2025-01-09,Clasica,89,78755.0,7009195.0
360,Merchandising,Merch_Oficial,2025-06-07,Pop,39,91495.0,3568305.0
361,Descarga_Digital,Bandcamp_Digital,2025-01-27,R&B,71,3587.0,254677.0
362,Merchandising,Bandcamp_Vinilo,2025-12-15,Electronica,3,98817.0,296451.0
363,Streaming,Apple_Music,2025-01-10,Reggaeton,1110,15.0,16650.0
364,Descarga_Digital,Amazon_MP3,2025-12-20,Electronica,62,4072.0,252464.0
365,Merchandising,Merch_Oficial,2025-02-01,Hip-Hop,34,71544.0,2432496.0
366,Fisico,Vinilos_Indie,2025-09-02,Metal,101,62615.0,6324115.0
367,Descarga_Digital,Amazon_MP3,2025-09-30,Clasica,79,3848.0,303992.0
368,Fisico,Vinilos_Indie,2025-09-05,Electronica,68,61046.0,4151128.0
369,Fisico,Amazon_CD,2025-06-02,Jazz,185,57833.0,10699105.0
370,Merchandising,Bandcamp_Camisetas,2025-09-03,Clasica,36,125791.0,4528476.0
371,Fisico,Discos_Locales,2025-03-04,R&B,178,72889.0,12974242.0
372,Merchandising,Bandcamp_Camisetas,2025-03-16,Jazz,3,77522.0,232566.0
373,Streaming,YouTube_Music,2025-08-15,Jazz,1052,19.0,19988.0
374,Descarga_Digital,iTunes,2025-10-03,Jazz,81,4371.0,354051.0
375,Descarga_Digital,iTunes,2025-11-12,R&B,40,3699.0,147960.0
376,Descarga_Digital,Bandcamp_Digital,2025-04-30,Pop,22,3960.0,87120.0
377,Merchandising,Bandcamp_Vinilo,2025-12-15,Hip-Hop,1,128107.0,128107.0
378,Descarga_Digital,Amazon_MP3,2025-12-01,Reggaeton,71,4296.0,305016.0
379,Fisico,Discos_Locales,2025-05-27,Pop,27,77784.0,2100168.0
380,Descarga_Digital,Bandcamp_Digital,2025-01-20,Hip-Hop,63,4633.0,291879.0
381,Descarga_Digital,iTunes,2025-07-23,Reggaeton,33,4707.0,155331.0
382,Fisico,Amazon_CD,2025-01-05,Jazz,150,75579.0,11336850.0
383,Fisico,Discos_Locales,2025-08-21,Metal,139,70685.0,9825215.0
384,Descarga_Digital,Bandcamp_Digital,2025-08-28,Jazz,34,4521.0,153714.0
385,Fisico,Amazon_CD,2025-08-23,Jazz,188,56899.0,10697012.0
386,Fisico,Discos_Locales,2025-10-18,Electronica,49,75953.0,3721697.0
387,Merchandising,Bandcamp_Camisetas,2025-09-21,Clasica,6,86003.0,516018.0
388,Streaming,Apple_Music,2025-03-13,Reggaeton,1104,15.0,16560.0
389,Descarga_Digital,iTunes,2025-05-14,Country,40,3998.0,159920.0
390,Fisico,Discos_Locales,2025-06-04,R&B,190,74234.0,14104460.0
391,Fisico,Vinilos_Indie,2025-07-04,Electronica,20,78493.0,1569860.0
392,Merchandising,Bandcamp_Camisetas,2025-03-23,Country,44,93587.0,4117828.0
393,Fisico,Vinilos_Indie,2025-03-02,Jazz,99,76102.0,7534098.0
394,Descarga_Digital,iTunes,2025-09-02,Hip-Hop,68,4446.0,302328.0
395,Fisico,Discos_Locales,2025-12-26,Metal,125,82528.0,10316000.0
396,Descarga_Digital,iTunes,2025-12-15,R&B,20,4110.0,82200.0
397,Fisico,Amazon_CD,2025-10-16,Rock,20,85704.0,1714080.0
398,Descarga_Digital,Bandcamp_Digital,2025-10-02,Hip-Hop,31,3811.0,118141.0
399,Merchandising,Bandcamp_Vinilo,2025-12-15,Electronica,46,99602.0,4581692.0
400,Streaming,Deezer,2025-01-29,Reggaeton,1114,13.0,14482.0
401,Merchandising,Bandcamp_Camisetas,2025-10-16,Pop,36,90598.0,3261528.0
402,Fisico,Vinilos_Indie,2025-01-12,Country,70,85181.0,5962670.0
403,Descarga_Digital,Bandcamp_Digital,2025-02-07,Pop,64,3848.0,246272.0
404,Streaming,Spotify,2025-02-05,Reggaeton,1120,12.0,13440.0
405,Merchandising,Bandcamp_Vinilo,2025-03-11,Country,24,130237.0,3125688.0
406,Merchandising,Bandcamp_Camisetas,2025-07-13,Country,6,107036.0,642216.0
407,Descarga_Digital,Bandcamp_Digital,2025-06-28,Rock,32,4819.0,154208.0
408,Merchandising,Merch_Oficial,2025-03-07,Electronica,1,112528.0,112528.0
409,Fisico,Discos_Locales,2025-12-11,Metal,113,72404.0,8181652.0
410,Descarga_Digital,iTunes,2025-08-24,Clasica,29,3736.0,108344.0
411,Streaming,Spotify,2025-12-05,Country,1084,18.0,19512.0
412,Streaming,Apple_Music,2025-04-16,Rock,1114,12.0,13368.0
413,Streaming,Deezer,2025-11-03,Pop,1114,14.0,15596.0
414,Streaming,Deezer,2025-08-13,Electronica,1050,17.0,17850.0
415,Streaming,Apple_Music,2025-09-15,Jazz,1077,14.0,15078.0
416,Fisico,Vinilos_Indie,2025-11-03,Clasica,65,62055.0,4033575.0
417,Descarga_Digital,Bandcamp_Digital,2025-09-24,Electronica,62,3773.0,233926.0
418,Streaming,Apple_Music,2025-11-17,Country,1146,18.0,20628.0
419,Streaming,YouTube_Music,2025-11-26,Country,1129,20.0,22580.0
420,Fisico,Vinilos_Indie,2025-08-02,Country,43,61980.0,2665140.0
421,Descarga_Digital,Bandcamp_Digital,2025-08-31,Electronica,38,3773.0,143374.0
422,Descarga_Digital,Amazon_MP3,2025-01-30,Metal,62,4782.0,296484.0
423,Descarga_Digital,Amazon_MP3,2025-05-05,Jazz,36,3811.0,137196.0
424,Streaming,Deezer,2025-07-09,Rock,1107,17.0,18819.0
425,Descarga_Digital,iTunes,2025-05-18,Country,96,4222.0,405312.0
426,Streaming,Spotify,2025-04-07,R&B,1069,19.0,20311.0
427,Descarga_Digital,Amazon_MP3,2025-04-17,Clasica,48,4745.0,227760.0
428,Streaming,Apple_Music,2025-04-08,Rock,1079,19.0,20501.0
429,Merchandising,Bandcamp_Vinilo,2025-12-23,R&B,46,71320.0,3280720.0
430,Descarga_Digital,Bandcamp_Digital,2025-06-14,Jazz,58,4035.0,234030.0
431,Fisico,Discos_Locales,2025-05-14,Clasica,136,88132.0,11985952.0
432,Merchandising,Bandcamp_Vinilo,2025-08-29,Clasica,14,83724.0,1172136.0
433,Merchandising,Bandcamp_Vinilo,2025-10-16,Electronica,48,66949.0,3213552.0
434,Fisico,Vinilos_Indie,2025-10-27,R&B,189,67285.0,12716865.0
435,Descarga_Digital,iTunes,2025-06-18,Electronica,58,4184.0,242672.0
436,Descarga_Digital,Amazon_MP3,2025-10-09,Clasica,42,4483.0,188286.0
437,Merchandising,Merch_Oficial,2025-11-25,Reggaeton,30,68593.0,2057790.0
438,Fisico,Amazon_CD,2025-03-13,Metal,130,56787.0,7382310.0
439,Streaming,Spotify,2025-02-08,Pop,1113,20.0,22260.0
440,Merchandising,Bandcamp_Vinilo,2025-11-19,Electronica,5,108867.0,544335.0
441,Streaming,Apple_Music,2025-09-16,Reggaeton,1153,15.0,17295.0
442,Merchandising,Merch_Oficial,2025-09-07,Pop,1,95791.0,95791.0
443,Merchandising,Bandcamp_Vinilo,2025-01-09,Metal,47,76551.0,3597897.0
444,Fisico,Amazon_CD,2025-09-15,Country,50,53350.0,2667500.0
445,Streaming,Apple_Music,2025-05-04,Electronica,1093,18.0,19674.0
446,Fisico,Discos_Locales,2025-05-17,Country,25,65268.0,1631700.0
447,Merchandising,Bandcamp_Camisetas,2025-10-17,Electronica,45,72927.0,3281715.0
448,Streaming,Spotify,2025-02-17,Country,1081,15.0,16215.0
449,Merchandising,Bandcamp_Vinilo,2025-11-23,Pop,45,68854.0,3098430.0
450,Merchandising,Bandcamp_Camisetas,2025-11-27,Clasica,37,129079.0,4775923.0
451,Streaming,Spotify,2025-04-28,Electronica,1138,21.0,23898.0
452,Merchandising,Bandcamp_Camisetas,2025-01-24,Rock,44,125193.0,5508492.0
453,Streaming,Apple_Music,2025-06-11,Pop,1066,22.0,23452.0
454,Descarga_Digital,Bandcamp_Digital,2025-07-23,Rock,48,3549.0,170352.0
455,Descarga_Digital,Bandcamp_Digital,2025-07-19,Metal,52,3885.0,202020.0
456,Descarga_Digital,Bandcamp_Digital,2025-02-10,Metal,54,3400.0,183600.0
457,Merchandising,Bandcamp_Vinilo,2025-02-08,Clasica,39,113500.0,4426500.0
458,Merchandising,Bandcamp_Camisetas,2025-01-16,Jazz,29,92690.0,2688010.0
459,Fisico,Vinilos_Indie,2025-07-12,Country,52,79016.0,4108832.0
460,Merchandising,Bandcamp_Vinilo,2025-11-13,Jazz,16,109315.0,1749040.0
461,Streaming,YouTube_Music,2025-03-20,Country,1162,19.0,22078.0
462,Descarga_Digital,Bandcamp_Digital,2025-07-19,Clasica,56,3474.0,194544.0
463,Streaming,YouTube_Music,2025-08-16,Clasica,1106,20.0,22120.0
464,Streaming,Apple_Music,2025-02-14,Hip-Hop,1061,16.0,16976.0
465,Merchandising,Bandcamp_Vinilo,2025-01-14,Rock,23,97435.0,2241005.0
466,Fisico,Discos_Locales,2025-01-07,Jazz,110,65940.0,7253400.0
467,Streaming,Apple_Music,2025-10-20,Metal,1142,13.0,14846.0
468,Merchandising,Bandcamp_Vinilo,2025-03-13,Jazz,20,76102.0,1522040.0
469,Descarga_Digital,iTunes,2025-03-27,Country,45,3960.0,178200.0
470,Merchandising,Bandcamp_Vinilo,2025-07-04,Jazz,16,109913.0,1758608.0
471,Merchandising,Merch_Oficial,2025-11-12,Electronica,30,64035.0,1921050.0
472,Fisico,Amazon_CD,2025-07-22,Clasica,163,65567.0,10687421.0
473,Fisico,Discos_Locales,2025-06-21,Country,171,92242.0,15773382.0
474,Descarga_Digital,Amazon_MP3,2025-06-14,R&B,98,3624.0,355152.0
475,Fisico,Amazon_CD,2025-07-23,Clasica,79,81520.0,6440080.0
476,Merchandising,Merch_Oficial,2025-05-05,Clasica,25,76999.0,1924975.0
477,Merchandising,Bandcamp_Camisetas,2025-02-28,R&B,13,100274.0,1303562.0
478,Descarga_Digital,Bandcamp_Digital,2025-10-09,Pop,69,4745.0,327405.0
479,Descarga_Digital,Amazon_MP3,2025-05-30,Rock,62,4334.0,268708.0
480,Descarga_Digital,Bandcamp_Digital,2025-06-05,Electronica,42,4296.0,180432.0
481,Merchandising,Bandcamp_Camisetas,2025-02-07,Reggaeton,39,91831.0,3581409.0
482,Merchandising,Merch_Oficial,2025-09-17,Country,35,58805.0,2058175.0
483,Fisico,Vinilos_Indie,2025-10-02,R&B,168,89552.0,15044736.0
484,Streaming,Apple_Music,2025-12-03,Clasica,1118,13.0,14534.0
485,Streaming,Deezer,2025-06-19,Country,1087,12.0,13044.0
486,Streaming,YouTube_Music,2025-04-24,Metal,1131,19.0,21489.0
487,Descarga_Digital,Amazon_MP3,2025-07-11,Country,69,4483.0,309327.0
488,Descarga_Digital,Amazon_MP3,2025-01-13,Reggaeton,23,3773.0,86779.0
489,Streaming,Spotify,2025-03-14,Clasica,1140,15.0,17100.0
490,Merchandising,Bandcamp_Vinilo,2025-09-24,Reggaeton,23,91607.0,2106961.0
491,Merchandising,Merch_Oficial,2025-12-23,Reggaeton,21,61046.0,1281966.0
492,Streaming,Spotify,2025-01-12,Clasica,1101,18.0,19818.0
493,Descarga_Digital,Bandcamp_Digital,2025-05-05,Metal,32,4147.0,132704.0
494,Fisico,Vinilos_Indie,2025-08-07,Reggaeton,64,84322.0,5396608.0
495,Descarga_Digital,iTunes,2025-11-24,Country,60,3362.0,201720.0
496,Descarga_Digital,Amazon_MP3,2025-10-31,Country,59,3325.0,196175.0
497,Descarga_Digital,iTunes,2025-05-23,Rock,83,3474.0,288342.0
498,Descarga_Digital,Amazon_MP3,2025-06-16,Electronica,68,3512.0,238816.0
499,Merchandising,Merch_Oficial,2025-11-24,Clasica,39,85069.0,3317691.0
500,Merchandising,Merch_Oficial,2025-02-28,Clasica,23,119216.0,2741968.0
501,Descarga_Digital,Bandcamp_Digital,2025-12-28,Jazz,88,4222.0,371536.0
502,Descarga_Digital,Amazon_MP3,2025-03-02,Electronica,49,3512.0,172088.0
503,Fisico,Vinilos_Indie,2025-03-14,Metal,104,67285.0,6997640.0
504,Descarga_Digital,Bandcamp_Digital,2025-07-16,Country,33,4035.0,133155.0
505,Descarga_Digital,Bandcamp_Digital,2025-03-27,Reggaeton,46,3549.0,163254.0
506,Fisico,Discos_Locales,2025-11-14,Pop,96,91233.0,8758368.0
507,Merchandising,Bandcamp_Vinilo,2025-04-10,Country,36,93811.0,3377196.0
508,Merchandising,Bandcamp_Camisetas,2025-12-17,Reggaeton,27,109091.0,2945457.0
509,Merchandising,Bandcamp_Camisetas,2025-03-27,Rock,37,58356.0,2159172.0
510,Descarga_Digital,Amazon_MP3,2025-01-17,Jazz,38,4147.0,157586.0
511,Descarga_Digital,Amazon_MP3,2025-10-17,Reggaeton,80,4072.0,325760.0
512,Streaming,YouTube_Music,2025-10-06,Clasica,1130,17.0,19210.0
513,Streaming,Deezer,2025-10-07,Electronica,1119,22.0,24618.0
514,Streaming,Apple_Music,2025-06-02,Pop,1145,16.0,18320.0
515,Fisico,Amazon_CD,2025-08-13,Rock,65,57945.0,3766425.0
516,Fisico,Vinilos_Indie,2025-11-09,Country,47,76177.0,3580319.0
517,Descarga_Digital,iTunes,2025-01-31,R&B,54,4110.0,221940.0
518,Descarga_Digital,Amazon_MP3,2025-12-27,Jazz,47,4184.0,196648.0
519,Streaming,Apple_Music,2025-07-30,Pop,1089,22.0,23958.0
520,Descarga_Digital,Bandcamp_Digital,2025-03-09,Electronica,28,4371.0,122388.0
521,Descarga_Digital,Bandcamp_Digital,2025-07-21,Reggaeton,28,4184.0,117152.0
522,Fisico,Vinilos_Indie,2025-08-01,Country,120,51930.0,6231600.0
523,Streaming,Deezer,2025-09-21,Jazz,1107,19.0,21033.0
524,Fisico,Discos_Locales,2025-09-07,Clasica,153,48643.0,7442379.0
525,Streaming,Deezer,2025-11-22,Clasica,1097,21.0,23037.0
526,Merchandising,Bandcamp_Vinilo,2025-08-08,Electronica,32,76102.0,2435264.0
527,Fisico,Discos_Locales,2025-10-08,R&B,38,73935.0,2809530.0
528,Merchandising,Bandcamp_Camisetas,2025-12-16,Pop,3,63475.0,190425.0
529,Merchandising,Bandcamp_Vinilo,2025-03-05,Hip-Hop,29,90150.0,2614350.0
530,Merchandising,Bandcamp_Vinilo,2025-12-19,Hip-Hop,42,78605.0,3301410.0
531,Fisico,Amazon_CD,2025-12-02,Clasica,69,52229.0,3603801.0
532,Descarga_Digital,iTunes,2025-07-22,Jazz,99,4446.0,440154.0
533,Merchandising,Merch_Oficial,2025-02-16,Rock,1,71993.0,71993.0
534,Streaming,Apple_Music,2025-10-31,Electronica,1080,17.0,18360.0
535,Merchandising,Bandcamp_Vinilo,2025-01-05,Clasica,8,129863.0,1038904.0
536,Merchandising,Merch_Oficial,2025-03-09,Reggaeton,5,73151.0,365755.0
537,Streaming,Spotify,2025-02-22,Clasica,1002,15.0,15030.0
538,Fisico,Amazon_CD,2025-07-15,Hip-Hop,169,93101.0,15734069.0
539,Descarga_Digital,iTunes,2025-09-29,R&B,11,4222.0,46442.0
540,Descarga_Digital,Amazon_MP3,2025-06-29,Electronica,90,4446.0,400140.0
541,Merchandising,Merch_Oficial,2025-12-18,Reggaeton,14,62503.0,875042.0
542,Streaming,Apple_Music,2025-03-05,R&B,1133,19.0,21527.0
543,Fisico,Discos_Locales,2025-06-11,Hip-Hop,68,60972.0,4146096.0
544,Streaming,Apple_Music,2025-10-11,R&B,1058,18.0,19044.0
545,Fisico,Vinilos_Indie,2025-01-14,Jazz,57,71769.0,4090833.0
546,Descarga_Digital,Bandcamp_Digital,2025-07-20,Jazz,92,3400.0,312800.0
547,Descarga_Digital,Amazon_MP3,2025-07-17,Rock,40,4072.0,162880.0
548,Streaming,Spotify,2025-07-04,Clasica,1126,13.0,14638.0
549,Merchandising,Bandcamp_Camisetas,2025-10-07,Hip-Hop,49,91233.0,4470417.0
550,Streaming,Spotify,2025-10-28,Rock,1111,11.0,12221.0
551,Descarga_Digital,iTunes,2025-01-31,Country,74,3736.0,276464.0
552,Merchandising,Bandcamp_Camisetas,2025-12-26,Country,6,103898.0,623388.0
553,Descarga_Digital,Amazon_MP3,2025-02-12,Jazz,20,4072.0,81440.0
554,Descarga_Digital,iTunes,2025-10-02,Clasica,60,4184.0,251040.0
555,Streaming,YouTube_Music,2025-12-24,Country,1030,19.0,19570.0
556,Descarga_Digital,iTunes,2025-05-06,Rock,65,3512.0,228280.0
557,Streaming,YouTube_Music,2025-12-08,Hip-Hop,1104,13.0,14352.0
558,Descarga_Digital,Bandcamp_Digital,2025-01-06,Hip-Hop,73,4745.0,346385.0
559,Fisico,Amazon_CD,2025-07-10,Hip-Hop,196,83574.0,16380504.0
560,Fisico,Vinilos_Indie,2025-03-02,Pop,90,84732.0,7625880.0
561,Fisico,Vinilos_Indie,2025-02-02,Jazz,187,92279.0,17256173.0
562,Streaming,Deezer,2025-08-22,Metal,1101,15.0,16515.0
563,Merchandising,Merch_Oficial,2025-03-27,Clasica,11,75094.0,826034.0
564,Streaming,Spotify,2025-04-27,Metal,1129,11.0,12419.0
565,Streaming,Apple_Music,2025-01-24,Reggaeton,1094,15.0,16410.0
566,Descarga_Digital,iTunes,2025-01-19,Metal,93,3960.0,368280.0
567,Fisico,Amazon_CD,2025-08-02,Clasica,74,85592.0,6333808.0
568,Fisico,Amazon_CD,2025-09-15,Pop,50,58543.0,2927150.0
569,Streaming,Deezer,2025-02-05,Reggaeton,1135,21.0,23835.0
570,Fisico,Discos_Locales,2025-02-14,Metal,121,48904.0,5917384.0
571,Descarga_Digital,Amazon_MP3,2025-10-16,Jazz,89,3699.0,329211.0
572,Fisico,Vinilos_Indie,2025-09-10,Electronica,192,88917.0,17072064.0
573,Descarga_Digital,iTunes,2025-01-04,Country,13,3661.0,47593.0
574,Fisico,Vinilos_Indie,2025-12-22,Pop,90,48605.0,4374450.0
575,Merchandising,Merch_Oficial,2025-06-07,Rock,14,95642.0,1338988.0
576,Descarga_Digital,Amazon_MP3,2025-09-09,Pop,28,4371.0,122388.0
577,Streaming,Spotify,2025-04-29,Metal,1092,16.0,17472.0
578,Fisico,Discos_Locales,2025-02-13,R&B,29,71208.0,2065032.0
579,Merchandising,Bandcamp_Vinilo,2025-10-31,R&B,4,88543.0,354172.0
580,Descarga_Digital,iTunes,2025-05-30,Jazz,50,4707.0,235350.0
581,Merchandising,Merch_Oficial,2025-06-17,Clasica,29,76364.0,2214556.0
582,Streaming,Apple_Music,2025-03-11,R&B,1064,12.0,12768.0
583,Streaming,Apple_Music,2025-08-19,Reggaeton,1104,15.0,16560.0
584,Streaming,YouTube_Music,2025-04-17,Reggaeton,1115,15.0,16725.0
585,Fisico,Amazon_CD,2025-02-16,Hip-Hop,180,62167.0,11190060.0
586,Streaming,Apple_Music,2025-06-17,Hip-Hop,1105,12.0,13260.0
587,Descarga_Digital,Amazon_MP3,2025-07-22,Metal,16,4334.0,69344.0
588,Fisico,Amazon_CD,2025-01-16,Country,120,73487.0,8818440.0
589,Descarga_Digital,iTunes,2025-08-25,Rock,27,3512.0,94824.0
590,Streaming,Apple_Music,2025-03-08,Electronica,1093,21.0,22953.0
591,Fisico,Vinilos_Indie,2025-11-19,Rock,154,74832.0,11524128.0
592,Streaming,Spotify,2025-02-03,Electronica,1087,21.0,22827.0
593,Merchandising,Bandcamp_Vinilo,2025-02-17,Clasica,8,59216.0,473728.0
594,Merchandising,Bandcamp_Vinilo,2025-03-28,R&B,28,117422.0,3287816.0
595,Merchandising,Bandcamp_Camisetas,2025-01-16,Country,44,87908.0,3867952.0
596,Fisico,Amazon_CD,2025-04-06,Jazz,76,68556.0,5210256.0
597,Descarga_Digital,iTunes,2025-11-11,R&B,88,3699.0,325512.0
598,Fisico,Discos_Locales,2025-07-30,Metal,127,51258.0,6509766.0
599,Fisico,Discos_Locales,2025-03-12,Country,56,77373.0,4332888.0
600,Descarga_Digital,Bandcamp_Digital,2025-10-06,Pop,58,4483.0,260014.0
601,Fisico,Discos_Locales,2025-10-06,Reggaeton,93,89477.0,8321361.0
602,Fisico,Discos_Locales,2025-05-19,Hip-Hop,11,62840.0,691240.0
603,Descarga_Digital,iTunes,2025-05-24,Pop,70,4110.0,287700.0
604,Descarga_Digital,iTunes,2025-02-21,Electronica,94,3699.0,347706.0
605,Streaming,Apple_Music,2025-10-22,Country,1025,15.0,15375.0
606,Descarga_Digital,iTunes,2025-05-02,R&B,50,4521.0,226050.0
607,Fisico,Vinilos_Indie,2025-01-15,Clasica,150,73823.0,11073450.0
608,Descarga_Digital,Amazon_MP3,2025-10-05,Jazz,32,4072.0,130304.0
609,Streaming,Spotify,2025-04-30,R&B,1138,14.0,15932.0
610,Merchandising,Bandcamp_Vinilo,2025-06-19,R&B,13,116302.0,1511926.0
611,Fisico,Vinilos_Indie,2025-04-01,Clasica,20,49502.0,990040.0
612,Descarga_Digital,iTunes,2025-09-27,Clasica,19,3885.0,73815.0
613,Merchandising,Merch_Oficial,2025-02-21,Clasica,20,80137.0,1602740.0
614,Descarga_Digital,Bandcamp_Digital,2025-08-12,Reggaeton,93,3811.0,354423.0
615,Fisico,Amazon_CD,2025-12-07,R&B,49,65492.0,3209108.0
616,Fisico,Amazon_CD,2025-04-01,Pop,184,91084.0,16759456.0
617,Merchandising,Merch_Oficial,2025-01-17,Hip-Hop,39,79801.0,3112239.0
618,Descarga_Digital,Bandcamp_Digital,2025-10-17,Rock,73,3549.0,259077.0
619,Streaming,Apple_Music,2025-06-27,Clasica,1098,13.0,14274.0
620,Streaming,YouTube_Music,2025-08-17,Pop,1099,14.0,15386.0
621,Descarga_Digital,Bandcamp_Digital,2025-02-04,Clasica,42,4483.0,188286.0
622,Streaming,Spotify,2025-07-17,Reggaeton,1066,19.0,20254.0
623,Descarga_Digital,Amazon_MP3,2025-09-10,Country,54,4147.0,223938.0
624,Streaming,Deezer,2025-10-23,Electronica,1091,13.0,14183.0
625,Streaming,Spotify,2025-05-31,Pop,1112,15.0,16680.0
626,Streaming,Spotify,2025-06-25,Hip-Hop,1088,21.0,22848.0
627,Descarga_Digital,Bandcamp_Digital,2025-02-08,Metal,21,3848.0,80808.0
628,Merchandising,Merch_Oficial,2025-01-16,Country,42,68369.0,2871498.0
629,Merchandising,Bandcamp_Vinilo,2025-01-28,Rock,22,71395.0,1570690.0
630,Descarga_Digital,Amazon_MP3,2025-12-23,Metal,79,3736.0,295144.0
631,Fisico,Discos_Locales,2025-05-02,Rock,17,66165.0,1124805.0
632,Merchandising,Bandcamp_Vinilo,2025-01-28,Clasica,1,87983.0,87983.0
633,Fisico,Vinilos_Indie,2025-11-17,R&B,127,57497.0,7302119.0
634,Streaming,Apple_Music,2025-03-29,Jazz,1100,22.0,24200.0
635,Merchandising,Bandcamp_Vinilo,2025-06-07,Country,31,92578.0,2869918.0
636,Fisico,Amazon_CD,2025-11-25,Metal,104,56825.0,5909800.0
637,Merchandising,Bandcamp_Camisetas,2025-04-06,Reggaeton,3,75729.0,227187.0
638,Merchandising,Bandcamp_Camisetas,2025-04-26,Jazz,37,60635.0,2243495.0
639,Streaming,Spotify,2025-12-09,Clasica,1115,20.0,22300.0
640,Merchandising,Merch_Oficial,2025-04-27,Metal,4,118880.0,475520.0
641,Merchandising,Merch_Oficial,2025-12-18,Reggaeton,37,121906.0,4510522.0
642,Merchandising,Bandcamp_Camisetas,2025-02-10,Country,46,58618.0,2696428.0
643,Descarga_Digital,iTunes,2025-08-18,Hip-Hop,31,4782.0,148242.0
644,Descarga_Digital,iTunes,2025-01-22,Country,20,4819.0,96380.0
645,Merchandising,Bandcamp_Vinilo,2025-11-18,Hip-Hop,39,75318.0,2937402.0
646,Streaming,Spotify,2025-07-18,Metal,1041,16.0,16656.0
647,Fisico,Discos_Locales,2025-09-24,Reggaeton,8,83836.0,670688.0
648,Merchandising,Bandcamp_Vinilo,2025-08-01,Hip-Hop,10,98369.0,983690.0
649,Streaming,Spotify,2025-10-16,Rock,1164,20.0,23280.0
650,Fisico,Discos_Locales,2025-05-16,Country,172,70312.0,12093664.0
651,Merchandising,Bandcamp_Vinilo,2025-03-30,Jazz,26,66800.0,1736800.0
652,Merchandising,Bandcamp_Vinilo,2025-07-22,Clasica,45,73786.0,3320370.0
653,Merchandising,Bandcamp_Camisetas,2025-07-10,Pop,22,117124.0,2576728.0
654,Fisico,Discos_Locales,2025-05-24,Reggaeton,183,79278.0,14507874.0
655,Descarga_Digital,iTunes,2025-06-03,Reggaeton,51,3736.0,190536.0
656,Merchandising,Merch_Oficial,2025-11-27,Rock,13,89029.0,1157377.0
657,Merchandising,Merch_Oficial,2025-09-06,Metal,24,117385.0,2817240.0
658,Descarga_Digital,iTunes,2025-06-09,Metal,61,3512.0,214232.0
659,Streaming,Apple_Music,2025-04-09,Electronica,1090,21.0,22890.0
660,Descarga_Digital,iTunes,2025-08-22,Pop,56,4371.0,244776.0
661,Fisico,Discos_Locales,2025-08-26,Metal,106,77036.0,8165816.0
662,Streaming,Spotify,2025-05-04,Clasica,1096,17.0,18632.0
663,Merchandising,Bandcamp_Vinilo,2025-08-31,R&B,36,82192.0,2958912.0
664,Descarga_Digital,Amazon_MP3,2025-12-19,Rock,46,3362.0,154652.0
665,Streaming,Apple_Music,2025-10-20,Electronica,1165,21.0,24465.0
666,Descarga_Digital,Bandcamp_Digital,2025-04-16,Jazz,93,3923.0,364839.0
667,Streaming,Spotify,2025-08-31,Hip-Hop,1069,18.0,19242.0
668,Streaming,Apple_Music,2025-05-10,R&B,1052,20.0,21040.0
669,Fisico,Vinilos_Indie,2025-12-30,Jazz,113,88693.0,10022309.0
670,Fisico,Discos_Locales,2025-05-10,Electronica,124,62092.0,7699408.0
671,Merchandising,Merch_Oficial,2025-02-22,Pop,33,130723.0,4313859.0
672,Fisico,Vinilos_Indie,2025-11-28,R&B,160,61196.0,9791360.0
673,Streaming,Deezer,2025-02-02,Clasica,1050,22.0,23100.0
674,Fisico,Discos_Locales,2025-05-14,Jazz,53,55255.0,2928515.0
675,Descarga_Digital,iTunes,2025-11-04,Country,94,3811.0,358234.0
676,Descarga_Digital,Bandcamp_Digital,2025-01-14,Reggaeton,47,3699.0,173853.0
677,Merchandising,Bandcamp_Camisetas,2025-07-18,Pop,38,108942.0,4139796.0
678,Descarga_Digital,Amazon_MP3,2025-04-24,Metal,91,4483.0,407953.0
679,Fisico,Vinilos_Indie,2025-06-03,Hip-Hop,173,87871.0,15201683.0
680,Descarga_Digital,Amazon_MP3,2025-02-19,Reggaeton,26,4446.0,115596.0
681,Descarga_Digital,Bandcamp_Digital,2025-06-21,Rock,38,3848.0,146224.0
682,Fisico,Discos_Locales,2025-06-19,Clasica,71,74795.0,5310445.0
683,Merchandising,Bandcamp_Vinilo,2025-08-29,Pop,41,99639.0,4085199.0
684,Streaming,Deezer,2025-04-10,Metal,1042,13.0,13546.0
685,Merchandising,Merch_Oficial,2025-06-02,Country,4,121121.0,484484.0
686,Descarga_Digital,iTunes,2025-04-13,Clasica,62,4782.0,296484.0
687,Merchandising,Bandcamp_Vinilo,2025-06-11,Hip-Hop,50,62092.0,3104600.0
688,Fisico,Vinilos_Indie,2025-04-01,Clasica,167,51146.0,8541382.0
689,Merchandising,Bandcamp_Camisetas,2025-04-18,Hip-Hop,37,113163.0,4187031.0
690,Merchandising,Bandcamp_Vinilo,2025-03-08,R&B,28,103375.0,2894500.0
691,Merchandising,Bandcamp_Camisetas,2025-09-02,Country,1,58842.0,58842.0
692,Descarga_Digital,Bandcamp_Digital,2025-07-11,Pop,51,4446.0,226746.0
693,Descarga_Digital,iTunes,2025-12-13,Pop,90,4408.0,396720.0
694,Descarga_Digital,Bandcamp_Digital,2025-06-26,Jazz,26,3474.0,90324.0
695,Fisico,Amazon_CD,2025-02-03,Pop,81,91084.0,7377804.0
696,Merchandising,Merch_Oficial,2025-09-24,R&B,34,81295.0,2764030.0
697,Descarga_Digital,Amazon_MP3,2025-09-08,Clasica,34,3587.0,121958.0
698,Merchandising,Bandcamp_Vinilo,2025-04-27,Electronica,47,129639.0,6093033.0
699,Descarga_Digital,Bandcamp_Digital,2025-01-12,R&B,74,3587.0,265438.0
700,Fisico,Vinilos_Indie,2025-11-30,Pop,101,87871.0,8874971.0
701,Fisico,Vinilos_Indie,2025-11-16,Pop,157,93176.0,14628632.0
702,Streaming,Spotify,2025-01-25,Rock,1137,16.0,18192.0
703,Merchandising,Bandcamp_Vinilo,2025-10-08,Jazz,31,108493.0,3363283.0
704,Descarga_Digital,Bandcamp_Digital,2025-12-18,Pop,48,3960.0,190080.0
705,Streaming,YouTube_Music,2025-11-15,R&B,1132,19.0,21508.0
706,Merchandising,Bandcamp_Vinilo,2025-09-19,R&B,8,77148.0,617184.0
707,Streaming,Deezer,2025-04-12,R&B,1056,13.0,13728.0
708,Fisico,Vinilos_Indie,2025-04-14,Clasica,185,66912.0,12378720.0
709,Descarga_Digital,iTunes,2025-10-08,Reggaeton,36,4371.0,157356.0
710,Merchandising,Bandcamp_Camisetas,2025-05-01,Pop,1,106214.0,106214.0
711,Streaming,Deezer,2025-03-18,Rock,1112,20.0,22240.0
712,Streaming,Spotify,2025-05-12,Electronica,1122,16.0,17952.0
713,Fisico,Discos_Locales,2025-08-26,Pop,30,85031.0,2550930.0
714,Streaming,YouTube_Music,2025-07-04,Clasica,1079,16.0,17264.0
715,Streaming,Spotify,2025-01-24,Pop,1124,21.0,23604.0
716,Descarga_Digital,Amazon_MP3,2025-07-03,Reggaeton,89,3736.0,332504.0
717,Streaming,YouTube_Music,2025-06-25,Hip-Hop,1088,12.0,13056.0
718,Merchandising,Bandcamp_Camisetas,2025-05-20,Country,45,119589.0,5381505.0
719,Merchandising,Merch_Oficial,2025-03-27,Rock,9,108045.0,972405.0
720,Streaming,Apple_Music,2025-02-23,Country,1085,21.0,22785.0
721,Merchandising,Merch_Oficial,2025-12-14,Reggaeton,12,101731.0,1220772.0
722,Fisico,Vinilos_Indie,2025-01-15,Hip-Hop,128,89813.0,11496064.0
723,Streaming,Deezer,2025-08-14,Pop,1139,12.0,13668.0
724,Fisico,Amazon_CD,2025-12-27,Metal,195,74421.0,14512095.0
725,Descarga_Digital,Bandcamp_Digital,2025-06-23,Metal,76,4371.0,332196.0
726,Streaming,Deezer,2025-12-05,Electronica,1124,16.0,17984.0
727,Merchandising,Bandcamp_Vinilo,2025-10-13,R&B,4,56899.0,227596.0
728,Descarga_Digital,Bandcamp_Digital,2025-08-29,Reggaeton,31,3437.0,106547.0
729,Merchandising,Bandcamp_Camisetas,2025-05-04,Clasica,18,59813.0,1076634.0
730,Descarga_Digital,Bandcamp_Digital,2025-11-26,Country,61,4558.0,278038.0
731,Streaming,Deezer,2025-08-16,R&B,1053,16.0,16848.0
732,Merchandising,Bandcamp_Camisetas,2025-06-11,Rock,32,111706.0,3574592.0
733,Streaming,Spotify,2025-07-26,Country,1100,12.0,13200.0
734,Streaming,Spotify,2025-11-06,R&B,1083,18.0,19494.0
735,Descarga_Digital,Bandcamp_Digital,2025-12-10,Reggaeton,53,3885.0,205905.0
736,Streaming,Apple_Music,2025-08-21,Clasica,1090,18.0,19620.0
737,Merchandising,Merch_Oficial,2025-12-03,Clasica,46,89851.0,4133146.0
738,Streaming,Apple_Music,2025-01-02,Clasica,1149,15.0,17235.0
739,Fisico,Vinilos_Indie,2025-09-25,Clasica,184,53313.0,9809592.0
740,Descarga_Digital,Amazon_MP3,2025-03-13,Country,23,3699.0,85077.0
741,Descarga_Digital,iTunes,2025-03-03,Country,37,3998.0,147926.0
742,Descarga_Digital,Bandcamp_Digital,2025-06-23,Rock,63,3400.0,214200.0
743,Streaming,Deezer,2025-08-23,R&B,1083,22.0,23826.0
744,Descarga_Digital,Amazon_MP3,2025-01-03,Metal,16,4147.0,66352.0
745,Merchandising,Merch_Oficial,2025-09-05,Metal,50,124857.0,6242850.0
746,Descarga_Digital,Bandcamp_Digital,2025-10-24,Hip-Hop,26,3474.0,90324.0
747,Fisico,Vinilos_Indie,2025-07-16,Country,160,89627.0,14340320.0
748,Descarga_Digital,Amazon_MP3,2025-07-23,Clasica,47,3998.0,187906.0
749,Descarga_Digital,iTunes,2025-07-31,R&B,99,4633.0,458667.0
750,Fisico,Vinilos_Indie,2025-10-08,Clasica,187,81594.0,15258078.0
751,Descarga_Digital,iTunes,2025-04-18,R&B,47,4334.0,203698.0
752,Descarga_Digital,Bandcamp_Digital,2025-11-29,Hip-Hop,74,4147.0,306878.0
753,Fisico,Vinilos_Indie,2025-03-01,Clasica,148,70087.0,10372876.0
754,Merchandising,Merch_Oficial,2025-10-01,Jazz,28,116451.0,3260628.0
755,Streaming,Spotify,2025-07-15,Hip-Hop,1172,12.0,14064.0
756,Streaming,Apple_Music,2025-05-17,Hip-Hop,1112,22.0,24464.0
757,Fisico,Amazon_CD,2025-02-01,Jazz,57,82341.0,4693437.0
758,Streaming,YouTube_Music,2025-08-20,Rock,1080,18.0,19440.0
759,Descarga_Digital,Bandcamp_Digital,2025-11-28,Metal,59,3699.0,218241.0
760,Fisico,Vinilos_Indie,2025-12-07,Pop,102,65903.0,6722106.0
761,Fisico,Vinilos_Indie,2025-01-28,Pop,195,59813.0,11663535.0
762,Merchandising,Bandcamp_Vinilo,2025-11-21,Clasica,49,100013.0,4900637.0
763,Descarga_Digital,Bandcamp_Digital,2025-04-10,Jazz,67,3587.0,240329.0
764,Streaming,Apple_Music,2025-03-30,Metal,1116,13.0,14508.0
765,Streaming,Deezer,2025-05-23,Metal,1129,14.0,15806.0
766,Descarga_Digital,Bandcamp_Digital,2025-05-11,Pop,52,4035.0,209820.0
767,Descarga_Digital,iTunes,2025-03-20,Clasica,86,3400.0,292400.0
768,Fisico,Discos_Locales,2025-10-21,Metal,96,51818.0,4974528.0
769,Fisico,Vinilos_Indie,2025-04-23,Hip-Hop,138,51594.0,7119972.0
770,Descarga_Digital,Amazon_MP3,2025-10-06,Metal,61,3474.0,211914.0
771,Descarga_Digital,iTunes,2025-12-06,Clasica,52,3848.0,200096.0
772,Descarga_Digital,Bandcamp_Digital,2025-09-29,Reggaeton,81,4558.0,369198.0
773,Streaming,Spotify,2025-12-09,Clasica,1049,16.0,16784.0
774,Descarga_Digital,iTunes,2025-12-16,Clasica,58,4707.0,273006.0
775,Streaming,Deezer,2025-05-12,Metal,1034,19.0,19646.0
776,Streaming,YouTube_Music,2025-09-21,Metal,1095,16.0,17520.0
777,Streaming,YouTube_Music,2025-11-30,Electronica,1086,15.0,16290.0
778,Streaming,Spotify,2025-03-27,Metal,1061,17.0,18037.0
779,Streaming,Apple_Music,2025-12-10,Electronica,1111,21.0,23331.0
780,Merchandising,Bandcamp_Vinilo,2025-04-16,Metal,45,121682.0,5475690.0
781,Merchandising,Merch_Oficial,2025-02-06,Hip-Hop,2,90336.0,180672.0
782,Fisico,Amazon_CD,2025-02-14,Rock,18,56526.0,1017468.0
783,Fisico,Vinilos_Indie,2025-02-06,R&B,63,89402.0,5632326.0
784,Merchandising,Bandcamp_Camisetas,2025-08-19,Country,28,79689.0,2231292.0
785,Merchandising,Merch_Oficial,2025-03-02,Metal,1,103973.0,103973.0
786,Streaming,Spotify,2025-12-25,Rock,1047,15.0,15705.0
787,Streaming,YouTube_Music,2025-12-18,Jazz,1042,18.0,18756.0
788,Fisico,Discos_Locales,2025-07-15,Country,174,49913.0,8684862.0
789,Descarga_Digital,Bandcamp_Digital,2025-04-23,Hip-Hop,60,4521.0,271260.0
790,Fisico,Vinilos_Indie,2025-03-15,Jazz,178,88319.0,15720782.0
791,Fisico,Amazon_CD,2025-10-11,Metal,41,54060.0,2216460.0
792,Streaming,Deezer,2025-10-03,Metal,1119,22.0,24618.0
793,Fisico,Amazon_CD,2025-06-26,Electronica,110,89178.0,9809580.0
794,Descarga_Digital,iTunes,2025-04-05,Electronica,88,4558.0,401104.0
795,Descarga_Digital,iTunes,2025-04-03,R&B,16,4595.0,73520.0
796,Merchandising,Merch_Oficial,2025-10-09,Rock,19,106214.0,2018066.0
797,Fisico,Amazon_CD,2025-04-12,R&B,129,91233.0,11769057.0
798,Fisico,Amazon_CD,2025-12-10,Electronica,30,61308.0,1839240.0
799,Streaming,Apple_Music,2025-06-12,Reggaeton,1088,16.0,17408.0
800,Fisico,Vinilos_Indie,2025-10-27,Hip-Hop,149,73973.0,11021977.0
801,Fisico,Discos_Locales,2025-03-28,Pop,85,59589.0,5065065.0
802,Descarga_Digital,Bandcamp_Digital,2025-11-25,Country,45,4595.0,206775.0
803,Descarga_Digital,Bandcamp_Digital,2025-06-19,Reggaeton,69,3998.0,275862.0
804,Fisico,Discos_Locales,2025-10-10,Rock,49,77485.0,3796765.0
805,Streaming,YouTube_Music,2025-03-13,Metal,1089,13.0,14157.0
806,Streaming,Spotify,2025-01-10,Metal,1127,18.0,20286.0
807,Merchandising,Merch_Oficial,2025-04-19,Pop,36,75505.0,2718180.0
808,Merchandising,Merch_Oficial,2025-03-18,Clasica,26,72740.0,1891240.0
809,Fisico,Amazon_CD,2025-08-26,Metal,135,52603.0,7101405.0
810,Fisico,Vinilos_Indie,2025-01-06,Electronica,162,79241.0,12837042.0
811,Descarga_Digital,Amazon_MP3,2025-03-23,Hip-Hop,82,4745.0,389090.0
812,Descarga_Digital,Bandcamp_Digital,2025-09-05,Clasica,15,3661.0,54915.0
813,Merchandising,Bandcamp_Vinilo,2025-02-02,Jazz,24,73524.0,1764576.0
814,Descarga_Digital,Bandcamp_Digital,2025-07-04,Country,70,4707.0,329490.0
815,Streaming,Spotify,2025-11-29,Clasica,1093,12.0,13116.0
816,Fisico,Vinilos_Indie,2025-05-15,R&B,144,74122.0,10673568.0
817,Merchandising,Merch_Oficial,2025-07-13,Clasica,38,104870.0,3985060.0
818,Streaming,YouTube_Music,2025-07-12,Electronica,1055,17.0,17935.0
819,Fisico,Discos_Locales,2025-09-07,Reggaeton,159,48830.0,7763970.0
820,Descarga_Digital,Amazon_MP3,2025-03-26,Electronica,19,4110.0,78090.0
821,Fisico,Amazon_CD,2025-03-18,Hip-Hop,45,64782.0,2915190.0
822,Streaming,Apple_Music,2025-08-01,Clasica,1033,19.0,19627.0
823,Merchandising,Merch_Oficial,2025-09-03,Reggaeton,14,100200.0,1402800.0
824,Merchandising,Bandcamp_Vinilo,2025-05-05,Pop,9,98892.0,890028.0
825,Descarga_Digital,iTunes,2025-11-19,Metal,15,4670.0,70050.0
826,Descarga_Digital,iTunes,2025-03-27,Jazz,33,4110.0,135630.0
827,Merchandising,Merch_Oficial,2025-10-16,Pop,47,110436.0,5190492.0
828,Fisico,Amazon_CD,2025-04-21,Reggaeton,160,93064.0,14890240.0
829,Merchandising,Bandcamp_Vinilo,2025-04-23,Country,39,66688.0,2600832.0
830,Descarga_Digital,Bandcamp_Digital,2025-12-04,Metal,43,3587.0,154241.0
831,Fisico,Discos_Locales,2025-11-02,R&B,22,58842.0,1294524.0
832,Merchandising,Bandcamp_Vinilo,2025-02-25,Pop,13,95081.0,1236053.0
833,Merchandising,Bandcamp_Vinilo,2025-11-07,Rock,12,91607.0,1099284.0
834,Streaming,Spotify,2025-02-17,Reggaeton,1056,19.0,20064.0
835,Streaming,Deezer,2025-09-25,Country,1124,15.0,16860.0
836,Streaming,Deezer,2025-04-28,Reggaeton,1185,20.0,23700.0
837,Merchandising,Bandcamp_Camisetas,2025-10-29,R&B,7,87833.0,614831.0
838,Fisico,Discos_Locales,2025-04-30,Rock,77,75392.0,5805184.0
839,Merchandising,Bandcamp_Camisetas,2025-04-07,Pop,46,111594.0,5133324.0
840,Streaming,Spotify,2025-09-24,Pop,1080,15.0,16200.0
841,Descarga_Digital,Bandcamp_Digital,2025-06-11,Country,56,3474.0,194544.0
842,Merchandising,Merch_Oficial,2025-10-27,Jazz,17,119926.0,2038742.0
843,Merchandising,Merch_Oficial,2025-07-07,R&B,18,130162.0,2342916.0
844,Merchandising,Bandcamp_Vinilo,2025-07-31,Metal,36,92092.0,3315312.0
845,Fisico,Vinilos_Indie,2025-10-12,Reggaeton,69,92877.0,6408513.0
846,Fisico,Vinilos_Indie,2025-07-23,Hip-Hop,173,53873.0,9320029.0
847,Descarga_Digital,Amazon_MP3,2025-12-25,Hip-Hop,22,3661.0,80542.0
848,Merchandising,Bandcamp_Camisetas,2025-10-09,R&B,45,107186.0,4823370.0
849,Streaming,Apple_Music,2025-07-19,Pop,1043,20.0,20860.0
850,Descarga_Digital,Amazon_MP3,2025-11-04,Country,21,3437.0,72177.0
851,Descarga_Digital,Amazon_MP3,2025-02-10,R&B,14,4408.0,61712.0
852,Merchandising,Merch_Oficial,2025-12-02,Metal,19,109203.0,2074857.0
853,Streaming,Apple_Music,2025-11-24,Reggaeton,1112,16.0,17792.0
854,Descarga_Digital,Bandcamp_Digital,2025-09-23,Jazz,34,3362.0,114308.0
855,Descarga_Digital,Bandcamp_Digital,2025-03-28,Pop,56,3699.0,207144.0
856,Streaming,Apple_Music,2025-02-14,Jazz,1096,20.0,21920.0
857,Fisico,Vinilos_Indie,2025-07-22,Country,155,57534.0,8917770.0
858,Streaming,Spotify,2025-02-16,Metal,1108,15.0,16620.0
859,Fisico,Discos_Locales,2025-05-22,Electronica,160,91756.0,14680960.0
860,Merchandising,Bandcamp_Camisetas,2025-10-22,Pop,17,69116.0,1174972.0
861,Streaming,Spotify,2025-09-15,Jazz,1024,15.0,15360.0
862,Streaming,YouTube_Music,2025-10-03,R&B,1096,14.0,15344.0
863,Merchandising,Bandcamp_Camisetas,2025-10-16,Reggaeton,50,74234.0,3711700.0
864,Fisico,Discos_Locales,2025-12-15,Reggaeton,155,87198.0,13515690.0
865,Merchandising,Bandcamp_Vinilo,2025-05-13,Rock,25,103375.0,2584375.0
866,Descarga_Digital,Bandcamp_Digital,2025-12-26,Electronica,50,3923.0,196150.0
867,Fisico,Vinilos_Indie,2025-10-02,Pop,184,85853.0,15796952.0
868,Descarga_Digital,Amazon_MP3,2025-02-17,Country,96,4446.0,426816.0
869,Fisico,Amazon_CD,2025-10-11,Hip-Hop,126,62615.0,7889490.0
870,Descarga_Digital,Bandcamp_Digital,2025-05-18,Hip-Hop,97,4707.0,456579.0
871,Descarga_Digital,Amazon_MP3,2025-04-13,Electronica,40,4633.0,185320.0
872,Descarga_Digital,iTunes,2025-04-14,Electronica,89,3848.0,342472.0
873,Streaming,Spotify,2025-02-10,Reggaeton,1079,18.0,19422.0
874,Streaming,Deezer,2025-07-10,R&B,1097,15.0,16455.0
875,Fisico,Discos_Locales,2025-04-04,Metal,76,66389.0,5045564.0
876,Descarga_Digital,iTunes,2025-09-27,Country,71,4745.0,336895.0
877,Streaming,YouTube_Music,2025-07-21,Hip-Hop,1107,16.0,17712.0
878,Streaming,Deezer,2025-06-11,Pop,1119,11.0,12309.0
879,Descarga_Digital,Amazon_MP3,2025-10-25,Rock,51,3848.0,196248.0
880,Fisico,Amazon_CD,2025-10-08,Jazz,65,60635.0,3941275.0
881,Fisico,Discos_Locales,2025-04-05,Reggaeton,113,57983.0,6552079.0
882,Fisico,Discos_Locales,2025-07-25,Jazz,120,56600.0,6792000.0
883,Descarga_Digital,Bandcamp_Digital,2025-12-18,Electronica,22,4408.0,96976.0
884,Descarga_Digital,Bandcamp_Digital,2025-08-10,Country,35,3549.0,124215.0
885,Descarga_Digital,Amazon_MP3,2025-01-05,Hip-Hop,63,4072.0,256536.0
886,Fisico,Discos_Locales,2025-06-03,Jazz,148,87049.0,12883252.0
887,Streaming,Deezer,2025-02-20,Hip-Hop,1082,12.0,12984.0
888,Fisico,Discos_Locales,2025-11-19,Rock,120,81930.0,9831600.0
889,Fisico,Discos_Locales,2025-07-04,Metal,147,90336.0,13279392.0
890,Fisico,Discos_Locales,2025-01-11,Country,36,64297.0,2314692.0
891,Descarga_Digital,Bandcamp_Digital,2025-10-22,Metal,32,4782.0,153024.0
892,Fisico,Discos_Locales,2025-06-16,Metal,129,83275.0,10742475.0
893,Merchandising,Bandcamp_Vinilo,2025-07-15,R&B,19,90710.0,1723490.0
894,Descarga_Digital,iTunes,2025-11-24,Clasica,63,4259.0,268317.0
895,Merchandising,Bandcamp_Vinilo,2025-02-10,Hip-Hop,22,73076.0,1607672.0
896,Fisico,Vinilos_Indie,2025-05-30,Jazz,159,77447.0,12314073.0
897,Fisico,Discos_Locales,2025-07-05,R&B,138,91868.0,12677784.0
898,Merchandising,Bandcamp_Vinilo,2025-04-05,Pop,9,110436.0,993924.0
899,Fisico,Vinilos_Indie,2025-12-25,Rock,58,56003.0,3248174.0
900,Streaming,Spotify,2025-02-02,Reggaeton,1117,17.0,18989.0
901,Streaming,Deezer,2025-09-26,Rock,1151,12.0,13812.0
902,Descarga_Digital,iTunes,2025-12-02,Country,49,3661.0,179389.0
903,Fisico,Discos_Locales,2025-11-17,Hip-Hop,38,72180.0,2742840.0
904,Descarga_Digital,iTunes,2025-01-18,Clasica,51,4633.0,236283.0
905,Merchandising,Merch_Oficial,2025-05-20,Metal,29,66127.0,1917683.0
906,Descarga_Digital,Bandcamp_Digital,2025-11-02,Reggaeton,90,4446.0,400140.0
907,Merchandising,Merch_Oficial,2025-11-24,Metal,20,123960.0,2479200.0
908,Merchandising,Merch_Oficial,2025-04-27,Rock,29,79054.0,2292566.0
909,Merchandising,Bandcamp_Camisetas,2025-03-21,Jazz,1,56040.0,56040.0
910,Descarga_Digital,Amazon_MP3,2025-05-27,Reggaeton,78,3325.0,259350.0
911,Merchandising,Bandcamp_Camisetas,2025-06-03,Pop,50,88207.0,4410350.0
912,Fisico,Vinilos_Indie,2025-04-29,Pop,145,65305.0,9469225.0
913,Merchandising,Merch_Oficial,2025-08-12,Country,16,68257.0,1092112.0
914,Merchandising,Bandcamp_Camisetas,2025-04-23,Jazz,6,87572.0,525432.0
915,Descarga_Digital,Bandcamp_Digital,2025-11-10,Jazz,46,4296.0,197616.0
916,Fisico,Discos_Locales,2025-04-07,Rock,51,54658.0,2787558.0
917,Streaming,Deezer,2025-11-13,Reggaeton,1171,14.0,16394.0
918,Merchandising,Bandcamp_Vinilo,2025-06-14,Pop,10,59739.0,597390.0
919,Streaming,Apple_Music,2025-02-22,Jazz,1110,14.0,15540.0
920,Merchandising,Merch_Oficial,2025-01-05,Electronica,6,67285.0,403710.0
921,Merchandising,Bandcamp_Vinilo,2025-06-25,Country,20,114733.0,2294660.0
922,Merchandising,Bandcamp_Camisetas,2025-08-26,Pop,22,62018.0,1364396.0
923,Descarga_Digital,iTunes,2025-05-17,Country,19,4147.0,78793.0
924,Descarga_Digital,iTunes,2025-05-09,Country,11,3512.0,38632.0
925,Descarga_Digital,Amazon_MP3,2025-08-15,Electronica,14,3624.0,50736.0
926,Streaming,Apple_Music,2025-08-31,Country,1160,19.0,22040.0
927,Fisico,Discos_Locales,2025-03-23,Pop,195,90598.0,17666610.0
928,Streaming,YouTube_Music,2025-09-04,Jazz,1024,13.0,13312.0
929,Streaming,Apple_Music,2025-02-27,Electronica,1089,18.0,19602.0
930,Fisico,Amazon_CD,2025-03-27,Jazz,154,53910.0,8302140.0
931,Descarga_Digital,iTunes,2025-01-22,R&B,98,4035.0,395430.0
932,Descarga_Digital,Amazon_MP3,2025-02-15,Electronica,30,4072.0,122160.0
933,Fisico,Vinilos_Indie,2025-01-31,Pop,96,77447.0,7434912.0
934,Streaming,Apple_Music,2025-09-07,Electronica,1108,15.0,16620.0
935,Fisico,Discos_Locales,2025-04-09,Pop,181,65492.0,11854052.0
936,Descarga_Digital,Amazon_MP3,2025-01-21,Reggaeton,100,3998.0,399800.0
937,Fisico,Vinilos_Indie,2025-12-23,Reggaeton,53,73973.0,3920569.0
938,Fisico,Discos_Locales,2025-08-28,Jazz,158,89552.0,14149216.0
939,Descarga_Digital,iTunes,2025-09-29,Hip-Hop,67,3773.0,252791.0
940,Fisico,Vinilos_Indie,2025-07-07,Reggaeton,5,83350.0,416750.0
941,Merchandising,Merch_Oficial,2025-04-05,Pop,40,120075.0,4803000.0
942,Descarga_Digital,Amazon_MP3,2025-02-02,Metal,59,3624.0,213816.0
943,Merchandising,Merch_Oficial,2025-03-20,R&B,19,80137.0,1522603.0
944,Fisico,Amazon_CD,2025-02-19,Metal,173,51519.0,8912787.0
945,Descarga_Digital,iTunes,2025-01-17,Electronica,23,4035.0,92805.0
946,Streaming,Spotify,2025-10-20,Country,1135,19.0,21565.0
947,Fisico,Amazon_CD,2025-07-07,Electronica,160,80735.0,12917600.0
948,Streaming,Apple_Music,2025-12-02,Reggaeton,1092,22.0,24024.0
949,Streaming,Deezer,2025-11-24,Pop,1137,15.0,17055.0
950,Merchandising,Bandcamp_Camisetas,2025-12-29,Pop,40,75916.0,3036640.0
951,Streaming,Spotify,2025-06-05,Rock,1095,22.0,24090.0
952,Streaming,Spotify,2025-04-29,Metal,1175,16.0,18800.0
953,Descarga_Digital,Bandcamp_Digital,2025-12-03,Electronica,82,4259.0,349238.0
954,Descarga_Digital,Bandcamp_Digital,2025-10-13,Country,23,4483.0,103109.0
955,Fisico,Vinilos_Indie,2025-08-23,Country,31,56003.0,1736093.0
956,Descarga_Digital,Bandcamp_Digital,2025-07-25,Metal,53,4296.0,227688.0
957,Merchandising,Bandcamp_Camisetas,2025-06-11,Metal,21,119178.0,2502738.0
958,Merchandising,Merch_Oficial,2025-08-09,Clasica,39,74010.0,2886390.0
959,Descarga_Digital,Amazon_MP3,2025-10-09,Jazz,56,4745.0,265720.0
960,Merchandising,Bandcamp_Camisetas,2025-01-01,Pop,19,100573.0,1910887.0
961,Descarga_Digital,Amazon_MP3,2025-01-04,Jazz,38,3661.0,139118.0
962,Fisico,Amazon_CD,2025-12-20,Jazz,146,71470.0,10434620.0
963,Descarga_Digital,iTunes,2025-01-20,Reggaeton,55,3549.0,195195.0
964,Fisico,Discos_Locales,2025-10-26,Electronica,64,60038.0,3842432.0
965,Fisico,Amazon_CD,2025-10-20,Country,150,89701.0,13455150.0
966,Streaming,YouTube_Music,2025-09-05,Hip-Hop,1073,17.0,18241.0
967,Streaming,YouTube_Music,2025-01-20,R&B,1111,15.0,16665.0
968,Streaming,YouTube_Music,2025-06-28,Country,1055,16.0,16880.0
969,Streaming,Apple_Music,2025-12-01,R&B,1102,22.0,24244.0
970,Merchandising,Bandcamp_Vinilo,2025-06-06,Metal,3,79913.0,239739.0
971,Descarga_Digital,Amazon_MP3,2025-09-15,Electronica,29,3400.0,98600.0
972,Merchandising,Bandcamp_Camisetas,2025-11-01,R&B,33,62765.0,2071245.0
973,Merchandising,Bandcamp_Camisetas,2025-07-21,Hip-Hop,9,81146.0,730314.0
974,Merchandising,Merch_Oficial,2025-01-26,Metal,26,75654.0,1967004.0
975,Merchandising,Merch_Oficial,2025-08-11,Hip-Hop,49,66127.0,3240223.0
976,Descarga_Digital,Amazon_MP3,2025-07-22,R&B,35,4147.0,145145.0
977,Descarga_Digital,iTunes,2025-02-06,Jazz,65,3811.0,247715.0
978,Streaming,Spotify,2025-12-10,Country,1102,16.0,17632.0
979,Fisico,Amazon_CD,2025-06-14,Clasica,157,77933.0,12235481.0
980,Fisico,Amazon_CD,2025-06-29,R&B,118,76476.0,9024168.0
981,Merchandising,Bandcamp_Vinilo,2025-04-30,Electronica,44,83985.0,3695340.0
982,Streaming,Spotify,2025-01-28,Electronica,1105,22.0,24310.0
983,Descarga_Digital,Amazon_MP3,2025-01-08,Clasica,98,4521.0,443058.0
984,Fisico,Discos_Locales,2025-08-30,Pop,89,57908.0,5153812.0
985,Descarga_Digital,iTunes,2025-10-07,Metal,43,4147.0,178321.0
986,Descarga_Digital,Bandcamp_Digital,2025-12-24,Pop,58,4184.0,242672.0
987,Streaming,YouTube_Music,2025-03-29,Pop,1142,15.0,17130.0
988,Fisico,Amazon_CD,2025-08-27,Pop,22,65978.0,1451516.0
989,Fisico,Vinilos_Indie,2025-12-04,Clasica,32,49390.0,1580480.0
990,Merchandising,Bandcamp_Vinilo,2025-07-14,Metal,46,63475.0,2919850.0
991,Fisico,Discos_Locales,2025-11-02,Metal,27,56899.0,1536273.0
992,Merchandising,Merch_Oficial,2025-12-31,Pop,3,74533.0,223599.0
993,Fisico,Discos_Locales,2025-09-08,Country,195,55592.0,10840440.0
994,Fisico,Vinilos_Indie,2025-06-30,Clasica,165,62092.0,10245180.0
995,Fisico,Amazon_CD,2025-11-17,Jazz,104,88468.0,9200672.0
996,Streaming,YouTube_Music,2025-04-26,Hip-Hop,1060,15.0,15900.0
997,Merchandising,Merch_Oficial,2025-03-12,Rock,47,84583.0,3975401.0
998,Descarga_Digital,Amazon_MP3,2025-05-04,R&B,29,3960.0,114840.0
999,Fisico,Vinilos_Indie,2025-06-18,Reggaeton,143,54434.0,7784062.0
1000,Descarga_Digital,Bandcamp_Digital,2025-10-05,Electronica,27,3773.0,101871.0
